Timestamp,Layer,Event,Identifier,Size(Bytes),Details
2026-03-07 21:38:26.016,API,JobCreated,Job 00004,65536,"Printed"
2026-03-07 21:38:26.017,API,JobCreated,Job 00005,93,"Printed"
2026-03-07 21:38:26.018,API,JobCreated,Job 00006,95,"Printed"
2026-03-07 21:38:26.018,API,JobCreated,Job 00007,95,"Printed"
2026-03-07 21:38:26.019,API,JobCreated,Job 00008,95,"Printed"
2026-03-07 21:38:26.019,API,JobCreated,Job 00009,95,"Printed"
2026-03-07 21:38:26.020,API,JobCreated,Job 00010,95,"Printed"
2026-03-07 21:38:26.020,API,JobCreated,Job 00011,95,"Printed"
2026-03-07 21:38:26.021,API,JobCreated,Job 00012,95,"Printed"
2026-03-07 21:38:26.021,API,JobCreated,Job 00013,95,"Printed"
2026-03-07 21:38:26.022,API,JobCreated,Job 00014,95,"Printed"
2026-03-07 21:38:26.022,API,JobCreated,Job 00015,95,"Printed"
2026-03-07 21:38:26.023,API,JobCreated,Job 00016,95,"Printed"
2026-03-07 21:38:26.023,API,JobCreated,Job 00017,95,"Printed"
2026-03-07 21:38:26.024,API,JobCreated,Job 00018,95,"Printed"
2026-03-07 21:38:26.024,API,JobCreated,Job 00019,95,"Printed"
2026-03-07 21:38:26.025,API,JobCreated,Job 00020,194,"Printed"
2026-03-07 21:38:26.025,API,JobCreated,Job 00021,194,"Printed"
2026-03-07 21:38:26.026,API,JobCreated,Job 00022,194,"Printed"
2026-03-07 21:38:26.026,API,JobCreated,Job 00023,194,"Printed"
2026-03-07 21:38:26.026,API,JobCreated,Job 00024,194,"Printed"
2026-03-07 21:38:26.027,API,JobCreated,Job 00025,194,"Printed"
2026-03-07 21:39:23.920,API,JobCreated,Job 00026,0,"Spooling"
2026-03-07 21:39:23.924,FS,FileCreated,00026.SPL,0,"Observed in spool dir"
2026-03-07 21:39:23.927,FS,FileCopySuccess,00026.SPL,0,"Copied to 213923_925_00026.SPL"
2026-03-07 21:39:23.928,FS,FileCreated,00026.SHD,2096,"Observed in spool dir"
2026-03-07 21:39:23.929,FS,FileChanged,00026.SHD,2096,"Observed in spool dir"
2026-03-07 21:39:23.930,FS,FileDeleted,00026.SHD,2096,"Observed in spool dir"
2026-03-07 21:39:23.931,FS,FileCreated,00026.SHD,2096,"Observed in spool dir"
2026-03-07 21:39:23.931,FS,FileChanged,00026.SHD,2096,"Observed in spool dir"
2026-03-07 21:39:23.932,FS,FileChanged,00026.SPL,194,"Observed in spool dir"
2026-03-07 21:39:23.934,FS,FileCopySuccess,00026.SPL,194,"Copied to 213923_933_00026.SPL"
2026-03-07 21:39:23.935,FS,FileDeleted,00026.SHD,2096,"Observed in spool dir"
2026-03-07 21:39:23.935,FS,FileCreated,00026.SHD,2096,"Observed in spool dir"
2026-03-07 21:39:23.936,FS,FileChanged,00026.SHD,2096,"Observed in spool dir"
2026-03-07 21:39:23.956,FS,FileDeleted,00026.SHD,0,"Observed in spool dir"
2026-03-07 21:39:23.957,FS,FileCreated,00026.SHD,2096,"Observed in spool dir"
2026-03-07 21:39:23.958,FS,FileChanged,00026.SHD,2096,"Observed in spool dir"
2026-03-07 21:39:23.980,API,StatusChanged,Job 00026,194,"Printed"
2026-03-07 21:39:25.981,FS,FileCreated,00027.SPL,0,"Observed in spool dir"
2026-03-07 21:39:25.983,FS,FileCopySuccess,00027.SPL,0,"Copied to 213925_982_00027.SPL"
2026-03-07 21:39:25.984,FS,FileCreated,00027.SHD,2096,"Observed in spool dir"
2026-03-07 21:39:25.984,FS,FileChanged,00027.SHD,2096,"Observed in spool dir"
2026-03-07 21:39:25.985,FS,FileDeleted,00027.SHD,2096,"Observed in spool dir"
2026-03-07 21:39:25.986,FS,FileCreated,00027.SHD,2096,"Observed in spool dir"
2026-03-07 21:39:25.986,FS,FileChanged,00027.SHD,2096,"Observed in spool dir"
2026-03-07 21:39:25.988,FS,FileChanged,00027.SPL,194,"Observed in spool dir"
2026-03-07 21:39:25.990,FS,FileCopySuccess,00027.SPL,194,"Copied to 213925_989_00027.SPL"
2026-03-07 21:39:25.991,FS,FileDeleted,00027.SHD,2096,"Observed in spool dir"
2026-03-07 21:39:25.992,FS,FileCreated,00027.SHD,2096,"Observed in spool dir"
2026-03-07 21:39:25.993,FS,FileChanged,00027.SHD,2096,"Observed in spool dir"
2026-03-07 21:39:26.013,FS,FileDeleted,00027.SHD,0,"Observed in spool dir"
2026-03-07 21:39:26.014,FS,FileCreated,00027.SHD,2096,"Observed in spool dir"
2026-03-07 21:39:26.014,FS,FileChanged,00027.SHD,2096,"Observed in spool dir"
2026-03-07 21:39:26.016,API,JobCreated,Job 00027,194,"Printed"
2026-03-07 21:39:27.715,FS,FileCreated,00028.SPL,0,"Observed in spool dir"
2026-03-07 21:39:27.716,FS,FileCopySuccess,00028.SPL,0,"Copied to 213927_715_00028.SPL"
2026-03-07 21:39:27.717,FS,FileCreated,00028.SHD,2096,"Observed in spool dir"
2026-03-07 21:39:27.718,FS,FileChanged,00028.SHD,2096,"Observed in spool dir"
2026-03-07 21:39:27.718,FS,FileDeleted,00028.SHD,2096,"Observed in spool dir"
2026-03-07 21:39:27.719,FS,FileCreated,00028.SHD,2096,"Observed in spool dir"
2026-03-07 21:39:27.720,FS,FileChanged,00028.SHD,2096,"Observed in spool dir"
2026-03-07 21:39:27.721,FS,FileChanged,00028.SPL,194,"Observed in spool dir"
2026-03-07 21:39:27.723,FS,FileCopySuccess,00028.SPL,194,"Copied to 213927_722_00028.SPL"
2026-03-07 21:39:27.724,FS,FileDeleted,00028.SHD,2096,"Observed in spool dir"
2026-03-07 21:39:27.724,FS,FileCreated,00028.SHD,2096,"Observed in spool dir"
2026-03-07 21:39:27.725,FS,FileChanged,00028.SHD,2096,"Observed in spool dir"
2026-03-07 21:39:27.747,FS,FileDeleted,00028.SHD,0,"Observed in spool dir"
2026-03-07 21:39:27.748,FS,FileCreated,00028.SHD,2096,"Observed in spool dir"
2026-03-07 21:39:27.748,FS,FileChanged,00028.SHD,2096,"Observed in spool dir"
2026-03-07 21:39:27.750,API,JobCreated,Job 00028,194,"Printed"
2026-03-07 21:39:29.318,API,JobCreated,Job 00029,0,"Spooling"
2026-03-07 21:39:29.319,FS,FileCreated,00029.SPL,0,"Observed in spool dir"
2026-03-07 21:39:29.321,FS,FileCopySuccess,00029.SPL,0,"Copied to 213929_320_00029.SPL"
2026-03-07 21:39:29.322,FS,FileCreated,00029.SHD,2096,"Observed in spool dir"
2026-03-07 21:39:29.322,FS,FileChanged,00029.SHD,2096,"Observed in spool dir"
2026-03-07 21:39:29.323,FS,FileDeleted,00029.SHD,2096,"Observed in spool dir"
2026-03-07 21:39:29.325,FS,FileCreated,00029.SHD,2096,"Observed in spool dir"
2026-03-07 21:39:29.326,FS,FileChanged,00029.SHD,2096,"Observed in spool dir"
2026-03-07 21:39:29.327,FS,FileChanged,00029.SPL,194,"Observed in spool dir"
2026-03-07 21:39:29.328,FS,FileCopySuccess,00029.SPL,194,"Copied to 213929_327_00029.SPL"
2026-03-07 21:39:29.329,FS,FileDeleted,00029.SHD,2096,"Observed in spool dir"
2026-03-07 21:39:29.330,FS,FileCreated,00029.SHD,2096,"Observed in spool dir"
2026-03-07 21:39:29.330,FS,FileChanged,00029.SHD,2096,"Observed in spool dir"
2026-03-07 21:39:29.351,FS,FileDeleted,00029.SHD,0,"Observed in spool dir"
2026-03-07 21:39:29.352,FS,FileCreated,00029.SHD,2096,"Observed in spool dir"
2026-03-07 21:39:29.352,FS,FileChanged,00029.SHD,2096,"Observed in spool dir"
2026-03-07 21:39:29.372,API,StatusChanged,Job 00029,194,"Printed"
2026-03-07 21:39:31.046,API,JobCreated,Job 00030,0,"Spooling"
2026-03-07 21:39:31.048,FS,FileCreated,00030.SPL,0,"Observed in spool dir"
2026-03-07 21:39:31.049,FS,FileCopySuccess,00030.SPL,0,"Copied to 213931_049_00030.SPL"
2026-03-07 21:39:31.050,FS,FileCreated,00030.SHD,2096,"Observed in spool dir"
2026-03-07 21:39:31.051,FS,FileChanged,00030.SHD,2096,"Observed in spool dir"
2026-03-07 21:39:31.051,FS,FileDeleted,00030.SHD,2096,"Observed in spool dir"
2026-03-07 21:39:31.052,FS,FileCreated,00030.SHD,2096,"Observed in spool dir"
2026-03-07 21:39:31.053,FS,FileChanged,00030.SHD,2096,"Observed in spool dir"
2026-03-07 21:39:31.054,FS,FileChanged,00030.SPL,194,"Observed in spool dir"
2026-03-07 21:39:31.055,FS,FileCopySuccess,00030.SPL,194,"Copied to 213931_055_00030.SPL"
2026-03-07 21:39:31.056,FS,FileDeleted,00030.SHD,2096,"Observed in spool dir"
2026-03-07 21:39:31.057,FS,FileCreated,00030.SHD,2096,"Observed in spool dir"
2026-03-07 21:39:31.058,FS,FileChanged,00030.SHD,2096,"Observed in spool dir"
2026-03-07 21:39:31.079,FS,FileDeleted,00030.SHD,2096,"Observed in spool dir"
2026-03-07 21:39:31.080,FS,FileCreated,00030.SHD,2096,"Observed in spool dir"
2026-03-07 21:39:31.081,FS,FileChanged,00030.SHD,2096,"Observed in spool dir"
2026-03-07 21:39:31.081,FS,FileChanged,00030.SHD,2096,"Observed in spool dir"
2026-03-07 21:39:31.099,API,StatusChanged,Job 00030,194,"Printed"
2026-03-07 21:40:48.948,FS,FileCreated,00031.SPL,0,"Observed in spool dir"
2026-03-07 21:40:48.949,FS,FileCopySuccess,00031.SPL,0,"Copied to 214048_948_00031.SPL"
2026-03-07 21:40:48.950,FS,FileCreated,00031.SHD,2152,"Observed in spool dir"
2026-03-07 21:40:48.950,FS,FileChanged,00031.SHD,2152,"Observed in spool dir"
2026-03-07 21:40:48.951,FS,FileDeleted,00031.SHD,2152,"Observed in spool dir"
2026-03-07 21:40:48.952,FS,FileCreated,00031.SHD,2152,"Observed in spool dir"
2026-03-07 21:40:48.952,FS,FileChanged,00031.SHD,2152,"Observed in spool dir"
2026-03-07 21:40:48.959,FS,FileChanged,00031.SPL,2495,"Observed in spool dir"
2026-03-07 21:40:48.961,FS,FileCopySuccess,00031.SPL,2495,"Copied to 214048_960_00031.SPL"
2026-03-07 21:40:48.961,FS,FileDeleted,00031.SHD,2152,"Observed in spool dir"
2026-03-07 21:40:48.962,FS,FileCreated,00031.SHD,2152,"Observed in spool dir"
2026-03-07 21:40:48.963,FS,FileChanged,00031.SHD,2152,"Observed in spool dir"
2026-03-07 21:40:48.971,API,JobCreated,Job 00031,2495,"Printing, Retained"
2026-03-07 21:40:48.983,FS,FileDeleted,00031.SHD,0,"Observed in spool dir"
2026-03-07 21:40:48.984,FS,FileCreated,00031.SHD,2152,"Observed in spool dir"
2026-03-07 21:40:48.986,FS,FileChanged,00031.SHD,2152,"Observed in spool dir"
2026-03-07 21:40:49.033,API,StatusChanged,Job 00031,2495,"Printed"
2026-03-07 21:40:50.707,API,JobCreated,Job 00032,0,"Spooling"
2026-03-07 21:40:50.709,FS,FileCreated,00032.SPL,0,"Observed in spool dir"
2026-03-07 21:40:50.710,FS,FileCopySuccess,00032.SPL,0,"Copied to 214050_709_00032.SPL"
2026-03-07 21:40:50.711,FS,FileCreated,00032.SHD,1888,"Observed in spool dir"
2026-03-07 21:40:50.711,FS,FileChanged,00032.SHD,2152,"Observed in spool dir"
2026-03-07 21:40:50.712,FS,FileDeleted,00032.SHD,2152,"Observed in spool dir"
2026-03-07 21:40:50.713,FS,FileCreated,00032.SHD,2152,"Observed in spool dir"
2026-03-07 21:40:50.714,FS,FileChanged,00032.SHD,2152,"Observed in spool dir"
2026-03-07 21:40:50.721,FS,FileChanged,00032.SPL,2495,"Observed in spool dir"
2026-03-07 21:40:50.722,FS,FileCopySuccess,00032.SPL,2495,"Copied to 214050_722_00032.SPL"
2026-03-07 21:40:50.723,FS,FileDeleted,00032.SHD,2152,"Observed in spool dir"
2026-03-07 21:40:50.724,FS,FileCreated,00032.SHD,2152,"Observed in spool dir"
2026-03-07 21:40:50.725,FS,FileChanged,00032.SHD,2152,"Observed in spool dir"
2026-03-07 21:40:50.746,FS,FileDeleted,00032.SHD,0,"Observed in spool dir"
2026-03-07 21:40:50.747,FS,FileCreated,00032.SHD,2152,"Observed in spool dir"
2026-03-07 21:40:50.748,FS,FileChanged,00032.SHD,2152,"Observed in spool dir"
2026-03-07 21:40:50.772,API,StatusChanged,Job 00032,2495,"Printed"
2026-03-07 21:40:52.265,API,JobCreated,Job 00033,0,"Spooling"
2026-03-07 21:40:52.267,FS,FileCreated,00033.SPL,0,"Observed in spool dir"
2026-03-07 21:40:52.268,FS,FileCopySuccess,00033.SPL,0,"Copied to 214052_267_00033.SPL"
2026-03-07 21:40:52.269,FS,FileCreated,00033.SHD,0,"Observed in spool dir"
2026-03-07 21:40:52.269,FS,FileChanged,00033.SHD,2152,"Observed in spool dir"
2026-03-07 21:40:52.270,FS,FileDeleted,00033.SHD,2152,"Observed in spool dir"
2026-03-07 21:40:52.271,FS,FileCreated,00033.SHD,2152,"Observed in spool dir"
2026-03-07 21:40:52.271,FS,FileChanged,00033.SHD,2152,"Observed in spool dir"
2026-03-07 21:40:52.279,FS,FileChanged,00033.SPL,2495,"Observed in spool dir"
2026-03-07 21:40:52.281,FS,FileCopySuccess,00033.SPL,2495,"Copied to 214052_280_00033.SPL"
2026-03-07 21:40:52.282,FS,FileDeleted,00033.SHD,2152,"Observed in spool dir"
2026-03-07 21:40:52.283,FS,FileCreated,00033.SHD,2152,"Observed in spool dir"
2026-03-07 21:40:52.283,FS,FileChanged,00033.SHD,2152,"Observed in spool dir"
2026-03-07 21:40:52.303,FS,FileDeleted,00033.SHD,0,"Observed in spool dir"
2026-03-07 21:40:52.304,FS,FileCreated,00033.SHD,2152,"Observed in spool dir"
2026-03-07 21:40:52.304,FS,FileChanged,00033.SHD,2152,"Observed in spool dir"
2026-03-07 21:40:52.332,API,StatusChanged,Job 00033,2495,"Printed"
2026-03-07 21:40:53.883,API,JobCreated,Job 00034,0,"Spooling"
2026-03-07 21:40:53.885,FS,FileCreated,00034.SPL,0,"Observed in spool dir"
2026-03-07 21:40:53.886,FS,FileCopySuccess,00034.SPL,0,"Copied to 214053_886_00034.SPL"
2026-03-07 21:40:53.887,FS,FileCreated,00034.SHD,1888,"Observed in spool dir"
2026-03-07 21:40:53.888,FS,FileChanged,00034.SHD,2152,"Observed in spool dir"
2026-03-07 21:40:53.888,FS,FileDeleted,00034.SHD,2152,"Observed in spool dir"
2026-03-07 21:40:53.889,FS,FileCreated,00034.SHD,2152,"Observed in spool dir"
2026-03-07 21:40:53.890,FS,FileChanged,00034.SHD,2152,"Observed in spool dir"
2026-03-07 21:40:53.897,FS,FileChanged,00034.SPL,2495,"Observed in spool dir"
2026-03-07 21:40:53.899,FS,FileCopySuccess,00034.SPL,2495,"Copied to 214053_898_00034.SPL"
2026-03-07 21:40:53.900,FS,FileDeleted,00034.SHD,2152,"Observed in spool dir"
2026-03-07 21:40:53.901,FS,FileCreated,00034.SHD,2152,"Observed in spool dir"
2026-03-07 21:40:53.901,FS,FileChanged,00034.SHD,2152,"Observed in spool dir"
2026-03-07 21:40:53.920,FS,FileDeleted,00034.SHD,0,"Observed in spool dir"
2026-03-07 21:40:53.920,FS,FileCreated,00034.SHD,2152,"Observed in spool dir"
2026-03-07 21:40:53.922,FS,FileChanged,00034.SHD,2152,"Observed in spool dir"
2026-03-07 21:40:53.938,API,StatusChanged,Job 00034,2495,"Printed"
2026-03-07 21:40:55.925,API,JobCreated,Job 00035,0,"Spooling"
2026-03-07 21:40:55.926,FS,FileCreated,00035.SPL,0,"Observed in spool dir"
2026-03-07 21:40:55.927,FS,FileCopySuccess,00035.SPL,0,"Copied to 214055_926_00035.SPL"
2026-03-07 21:40:55.928,FS,FileCreated,00035.SHD,2152,"Observed in spool dir"
2026-03-07 21:40:55.929,FS,FileChanged,00035.SHD,2152,"Observed in spool dir"
2026-03-07 21:40:55.929,FS,FileDeleted,00035.SHD,2152,"Observed in spool dir"
2026-03-07 21:40:55.930,FS,FileCreated,00035.SHD,2152,"Observed in spool dir"
2026-03-07 21:40:55.931,FS,FileChanged,00035.SHD,2152,"Observed in spool dir"
2026-03-07 21:40:55.940,FS,FileChanged,00035.SPL,2495,"Observed in spool dir"
2026-03-07 21:40:55.942,FS,FileCopySuccess,00035.SPL,2495,"Copied to 214055_941_00035.SPL"
2026-03-07 21:40:55.943,FS,FileDeleted,00035.SHD,2152,"Observed in spool dir"
2026-03-07 21:40:55.944,FS,FileCreated,00035.SHD,2152,"Observed in spool dir"
2026-03-07 21:40:55.945,FS,FileChanged,00035.SHD,2152,"Observed in spool dir"
2026-03-07 21:40:55.965,FS,FileDeleted,00035.SHD,0,"Observed in spool dir"
2026-03-07 21:40:55.966,FS,FileCreated,00035.SHD,2152,"Observed in spool dir"
2026-03-07 21:40:55.967,FS,FileChanged,00035.SHD,2152,"Observed in spool dir"
2026-03-07 21:40:55.986,API,StatusChanged,Job 00035,2495,"Printed"
2026-03-07 21:42:54.399,FS,FileCreated,00036.SPL,0,"Observed in spool dir"
2026-03-07 21:42:54.400,FS,FileCopySuccess,00036.SPL,0,"Copied to 214254_399_00036.SPL"
2026-03-07 21:42:54.401,FS,FileCreated,00036.SHD,2152,"Observed in spool dir"
2026-03-07 21:42:54.401,FS,FileChanged,00036.SHD,2152,"Observed in spool dir"
2026-03-07 21:42:54.402,FS,FileDeleted,00036.SHD,2152,"Observed in spool dir"
2026-03-07 21:42:54.403,FS,FileCreated,00036.SHD,2152,"Observed in spool dir"
2026-03-07 21:42:54.403,FS,FileChanged,00036.SHD,2152,"Observed in spool dir"
2026-03-07 21:42:54.418,FS,FileChanged,00036.SPL,5490,"Observed in spool dir"
2026-03-07 21:42:54.419,FS,FileCopySuccess,00036.SPL,5490,"Copied to 214254_418_00036.SPL"
2026-03-07 21:42:54.420,API,JobCreated,Job 00036,5490,"None"
2026-03-07 21:42:54.420,FS,FileDeleted,00036.SHD,2152,"Observed in spool dir"
2026-03-07 21:42:54.421,FS,FileCreated,00036.SHD,2152,"Observed in spool dir"
2026-03-07 21:42:54.422,FS,FileChanged,00036.SHD,2152,"Observed in spool dir"
2026-03-07 21:42:54.441,FS,FileDeleted,00036.SHD,0,"Observed in spool dir"
2026-03-07 21:42:54.443,FS,FileCreated,00036.SHD,2152,"Observed in spool dir"
2026-03-07 21:42:54.444,FS,FileChanged,00036.SHD,2152,"Observed in spool dir"
2026-03-07 21:42:54.482,API,StatusChanged,Job 00036,5490,"Printed"
2026-03-07 21:42:56.116,FS,FileCreated,00037.SPL,0,"Observed in spool dir"
2026-03-07 21:42:56.117,FS,FileCopySuccess,00037.SPL,0,"Copied to 214256_117_00037.SPL"
2026-03-07 21:42:56.118,FS,FileCreated,00037.SHD,0,"Observed in spool dir"
2026-03-07 21:42:56.118,FS,FileChanged,00037.SHD,2152,"Observed in spool dir"
2026-03-07 21:42:56.119,FS,FileDeleted,00037.SHD,2152,"Observed in spool dir"
2026-03-07 21:42:56.120,FS,FileCreated,00037.SHD,2152,"Observed in spool dir"
2026-03-07 21:42:56.120,FS,FileChanged,00037.SHD,2152,"Observed in spool dir"
2026-03-07 21:42:56.134,FS,FileChanged,00037.SPL,5490,"Observed in spool dir"
2026-03-07 21:42:56.136,FS,FileCopySuccess,00037.SPL,5490,"Copied to 214256_135_00037.SPL"
2026-03-07 21:42:56.137,FS,FileDeleted,00037.SHD,2152,"Observed in spool dir"
2026-03-07 21:42:56.138,FS,FileCreated,00037.SHD,2152,"Observed in spool dir"
2026-03-07 21:42:56.138,FS,FileChanged,00037.SHD,2152,"Observed in spool dir"
2026-03-07 21:42:56.148,API,JobCreated,Job 00037,5490,"Printing, Retained"
2026-03-07 21:42:56.165,FS,FileDeleted,00037.SHD,0,"Observed in spool dir"
2026-03-07 21:42:56.166,FS,FileCreated,00037.SHD,2152,"Observed in spool dir"
2026-03-07 21:42:56.166,FS,FileChanged,00037.SHD,2152,"Observed in spool dir"
2026-03-07 21:42:56.204,API,StatusChanged,Job 00037,5490,"Printed"
2026-03-07 21:42:57.831,FS,FileCreated,00038.SPL,0,"Observed in spool dir"
2026-03-07 21:42:57.833,FS,FileCopySuccess,00038.SPL,0,"Copied to 214257_832_00038.SPL"
2026-03-07 21:42:57.834,FS,FileCreated,00038.SHD,2152,"Observed in spool dir"
2026-03-07 21:42:57.835,FS,FileChanged,00038.SHD,2152,"Observed in spool dir"
2026-03-07 21:42:57.835,FS,FileDeleted,00038.SHD,2152,"Observed in spool dir"
2026-03-07 21:42:57.836,FS,FileCreated,00038.SHD,2152,"Observed in spool dir"
2026-03-07 21:42:57.837,FS,FileChanged,00038.SHD,2152,"Observed in spool dir"
2026-03-07 21:42:57.841,API,JobCreated,Job 00038,0,"Spooling"
2026-03-07 21:42:57.849,FS,FileChanged,00038.SPL,5490,"Observed in spool dir"
2026-03-07 21:42:57.851,FS,FileCopySuccess,00038.SPL,5490,"Copied to 214257_850_00038.SPL"
2026-03-07 21:42:57.851,FS,FileDeleted,00038.SHD,2152,"Observed in spool dir"
2026-03-07 21:42:57.852,FS,FileCreated,00038.SHD,2152,"Observed in spool dir"
2026-03-07 21:42:57.853,FS,FileChanged,00038.SHD,2152,"Observed in spool dir"
2026-03-07 21:42:57.873,FS,FileDeleted,00038.SHD,0,"Observed in spool dir"
2026-03-07 21:42:57.874,FS,FileCreated,00038.SHD,2152,"Observed in spool dir"
2026-03-07 21:42:57.874,FS,FileChanged,00038.SHD,2152,"Observed in spool dir"
2026-03-07 21:42:57.899,API,StatusChanged,Job 00038,5490,"Printed"
2026-03-07 21:42:59.462,FS,FileCreated,00039.SPL,0,"Observed in spool dir"
2026-03-07 21:42:59.463,FS,FileCopySuccess,00039.SPL,0,"Copied to 214259_462_00039.SPL"
2026-03-07 21:42:59.464,FS,FileCreated,00039.SHD,2152,"Observed in spool dir"
2026-03-07 21:42:59.465,FS,FileChanged,00039.SHD,2152,"Observed in spool dir"
2026-03-07 21:42:59.466,FS,FileDeleted,00039.SHD,2152,"Observed in spool dir"
2026-03-07 21:42:59.466,FS,FileCreated,00039.SHD,2152,"Observed in spool dir"
2026-03-07 21:42:59.467,FS,FileChanged,00039.SHD,2152,"Observed in spool dir"
2026-03-07 21:42:59.468,FS,FileChanged,00039.SHD,2152,"Observed in spool dir"
2026-03-07 21:42:59.471,API,JobCreated,Job 00039,0,"Spooling"
2026-03-07 21:42:59.483,FS,FileChanged,00039.SPL,5490,"Observed in spool dir"
2026-03-07 21:42:59.484,FS,FileCopySuccess,00039.SPL,5490,"Copied to 214259_484_00039.SPL"
2026-03-07 21:42:59.485,FS,FileDeleted,00039.SHD,2152,"Observed in spool dir"
2026-03-07 21:42:59.486,FS,FileCreated,00039.SHD,2152,"Observed in spool dir"
2026-03-07 21:42:59.487,FS,FileChanged,00039.SHD,2152,"Observed in spool dir"
2026-03-07 21:42:59.506,FS,FileDeleted,00039.SHD,0,"Observed in spool dir"
2026-03-07 21:42:59.507,FS,FileCreated,00039.SHD,2152,"Observed in spool dir"
2026-03-07 21:42:59.508,FS,FileChanged,00039.SHD,2152,"Observed in spool dir"
2026-03-07 21:42:59.529,API,StatusChanged,Job 00039,5490,"Printed"
2026-03-07 21:43:01.128,FS,FileCreated,00040.SPL,0,"Observed in spool dir"
2026-03-07 21:43:01.130,FS,FileCopySuccess,00040.SPL,0,"Copied to 214301_129_00040.SPL"
2026-03-07 21:43:01.131,FS,FileCreated,00040.SHD,2152,"Observed in spool dir"
2026-03-07 21:43:01.131,FS,FileChanged,00040.SHD,2152,"Observed in spool dir"
2026-03-07 21:43:01.132,FS,FileDeleted,00040.SHD,2152,"Observed in spool dir"
2026-03-07 21:43:01.132,FS,FileCreated,00040.SHD,2152,"Observed in spool dir"
2026-03-07 21:43:01.133,FS,FileChanged,00040.SHD,2152,"Observed in spool dir"
2026-03-07 21:43:01.148,FS,FileChanged,00040.SPL,5490,"Observed in spool dir"
2026-03-07 21:43:01.149,FS,FileCopySuccess,00040.SPL,5490,"Copied to 214301_149_00040.SPL"
2026-03-07 21:43:01.150,FS,FileDeleted,00040.SHD,2152,"Observed in spool dir"
2026-03-07 21:43:01.151,FS,FileCreated,00040.SHD,2152,"Observed in spool dir"
2026-03-07 21:43:01.152,FS,FileChanged,00040.SHD,2152,"Observed in spool dir"
2026-03-07 21:43:01.165,API,JobCreated,Job 00040,5490,"Printing, Retained"
2026-03-07 21:43:01.172,FS,FileDeleted,00040.SHD,0,"Observed in spool dir"
2026-03-07 21:43:01.173,FS,FileCreated,00040.SHD,2152,"Observed in spool dir"
2026-03-07 21:43:01.174,FS,FileChanged,00040.SHD,2152,"Observed in spool dir"
2026-03-07 21:43:01.227,API,StatusChanged,Job 00040,5490,"Printed"
2026-03-07 22:14:50.870,API,JobCreated,Job 00002,81564,"Printing, Retained"
2026-03-07 22:15:07.629,FS,FileCreated,00003.SPL,0,"Triggered safe read attempt"
2026-03-07 22:15:07.666,FS,FileChanged,00003.SPL,272004,"Triggered safe read attempt"
2026-03-07 22:15:07.668,FS,ReadSuccess,00003.SPL,272004,"Saved to 221507_666_00003.SPL"
2026-03-07 22:15:07.799,API,JobCreated,Job 00003,272004,"None"
2026-03-07 22:15:10.169,FS,FileCreated,00041.SPL,0,"Triggered safe read attempt"
2026-03-07 22:15:10.200,FS,FileChanged,00041.SPL,272004,"Triggered safe read attempt"
2026-03-07 22:15:10.202,FS,ReadSuccess,00041.SPL,272004,"Saved to 221510_201_00041.SPL"
2026-03-07 22:15:10.317,API,JobCreated,Job 00041,272004,"None"
2026-03-07 22:15:12.085,FS,FileCreated,00042.SPL,0,"Triggered safe read attempt"
2026-03-07 22:15:12.117,FS,FileChanged,00042.SPL,272004,"Triggered safe read attempt"
2026-03-07 22:15:12.123,FS,ReadSuccess,00042.SPL,272004,"Saved to 221512_118_00042.SPL"
2026-03-07 22:15:12.193,API,JobCreated,Job 00042,272004,"None"
2026-03-07 22:15:14.508,FS,FileCreated,00043.SPL,0,"Triggered safe read attempt"
2026-03-07 22:15:14.540,FS,FileChanged,00043.SPL,272004,"Triggered safe read attempt"
2026-03-07 22:15:14.546,FS,ReadSuccess,00043.SPL,272004,"Saved to 221514_541_00043.SPL"
2026-03-07 22:15:14.685,API,JobCreated,Job 00043,272004,"None"
2026-03-07 22:15:16.713,FS,FileCreated,00044.SPL,0,"Triggered safe read attempt"
2026-03-07 22:15:16.744,FS,FileChanged,00044.SPL,272004,"Triggered safe read attempt"
2026-03-07 22:15:16.747,FS,ReadSuccess,00044.SPL,272004,"Saved to 221516_746_00044.SPL"
2026-03-07 22:15:16.775,API,JobCreated,Job 00044,272004,"None"
2026-03-07 22:15:24.032,FS,FileCreated,00045.SPL,0,"Triggered safe read attempt"
2026-03-07 22:15:24.040,FS,FileChanged,00045.SPL,931,"Triggered safe read attempt"
2026-03-07 22:15:24.042,FS,ReadSuccess,00045.SPL,931,"Saved to 221524_041_00045.SPL"
2026-03-07 22:15:24.173,API,JobCreated,Job 00045,931,"None"
2026-03-07 22:15:25.907,API,JobCreated,Job 00046,0,"Spooling"
2026-03-07 22:15:25.909,FS,FileCreated,00046.SPL,0,"Triggered safe read attempt"
2026-03-07 22:15:25.917,FS,FileChanged,00046.SPL,931,"Triggered safe read attempt"
2026-03-07 22:15:25.918,FS,ReadSuccess,00046.SPL,931,"Saved to 221525_918_00046.SPL"
2026-03-07 22:15:26.116,API,StatusChanged,Job 00046,931,"None"
2026-03-07 22:15:27.526,FS,FileCreated,00047.SPL,0,"Triggered safe read attempt"
2026-03-07 22:15:27.534,FS,FileChanged,00047.SPL,931,"Triggered safe read attempt"
2026-03-07 22:15:27.535,FS,ReadSuccess,00047.SPL,931,"Saved to 221527_534_00047.SPL"
2026-03-07 22:15:27.618,API,JobCreated,Job 00047,931,"None"
2026-03-07 22:15:29.127,API,JobCreated,Job 00048,0,"Spooling"
2026-03-07 22:15:29.128,FS,FileCreated,00048.SPL,0,"Triggered safe read attempt"
2026-03-07 22:15:29.137,FS,FileChanged,00048.SPL,931,"Triggered safe read attempt"
2026-03-07 22:15:29.138,FS,ReadSuccess,00048.SPL,931,"Saved to 221529_137_00048.SPL"
2026-03-07 22:15:29.344,API,StatusChanged,Job 00048,931,"None"
2026-03-07 22:15:30.700,FS,FileCreated,00049.SPL,0,"Triggered safe read attempt"
2026-03-07 22:15:30.707,FS,FileChanged,00049.SPL,931,"Triggered safe read attempt"
2026-03-07 22:15:30.709,FS,ReadSuccess,00049.SPL,931,"Saved to 221530_708_00049.SPL"
2026-03-07 22:15:30.798,API,JobCreated,Job 00049,931,"None"
2026-03-08 00:02:10.981,API,JobCreated,Job 00002,81564,"Printing, Retained"
2026-03-08 00:02:10.983,API,JobCreated,Job 00003,272004,"None"
2026-03-08 00:02:10.984,API,JobCreated,Job 00041,272004,"None"
2026-03-08 00:02:10.984,API,JobCreated,Job 00042,272004,"None"
2026-03-08 00:02:10.985,API,JobCreated,Job 00043,272004,"None"
2026-03-08 00:02:10.985,API,JobCreated,Job 00044,272004,"None"
2026-03-08 00:02:10.986,API,JobCreated,Job 00045,931,"None"
2026-03-08 00:02:10.986,API,JobCreated,Job 00046,931,"None"
2026-03-08 00:02:10.987,API,JobCreated,Job 00047,931,"None"
2026-03-08 00:02:10.987,API,JobCreated,Job 00048,931,"None"
2026-03-08 00:02:10.987,API,JobCreated,Job 00049,931,"None"
2026-03-08 00:02:47.173,FS,FileCreated,00050.SPL,0,"Triggered safe read attempt"
2026-03-08 00:02:47.176,FS,ReadSuccess,00050.SPL,142,"Saved to 000247_174_00050.SPL"
2026-03-08 00:02:47.177,FS,FileChanged,00050.SPL,142,"Triggered safe read attempt"
2026-03-08 00:02:47.178,FS,ReadSuccess,00050.SPL,142,"Saved to 000247_177_00050.SPL"
2026-03-08 00:02:47.248,API,JobCreated,Job 00050,142,"None"
2026-03-08 03:22:27.127,API,JobCreated,Job 00002,81564,"Printing, Retained"
2026-03-08 03:22:27.129,API,JobCreated,Job 00003,272004,"None"
2026-03-08 03:22:27.130,API,JobCreated,Job 00041,272004,"None"
2026-03-08 03:22:27.131,API,JobCreated,Job 00042,272004,"None"
2026-03-08 03:22:27.131,API,JobCreated,Job 00043,272004,"None"
2026-03-08 03:22:27.131,API,JobCreated,Job 00044,272004,"None"
2026-03-08 03:22:27.132,API,JobCreated,Job 00045,931,"None"
2026-03-08 03:22:27.132,API,JobCreated,Job 00046,931,"None"
2026-03-08 03:22:27.132,API,JobCreated,Job 00047,931,"None"
2026-03-08 03:22:27.133,API,JobCreated,Job 00048,931,"None"
2026-03-08 03:22:27.133,API,JobCreated,Job 00049,931,"None"
2026-03-08 03:22:27.134,API,JobCreated,Job 00050,142,"None"
2026-03-08 03:22:27.134,API,JobCreated,Job 00051,126,"None"
2026-03-08 03:22:27.134,API,JobCreated,Job 00052,870,"None"
2026-03-08 03:22:27.135,API,JobCreated,Job 00053,307,"None"
2026-03-08 03:22:27.135,API,JobCreated,Job 00054,142,"None"
2026-03-08 03:23:08.967,FS,FileCreated,00055.SPL,126,"Triggered safe read attempt"
2026-03-08 03:23:08.969,FS,ReadSuccess,00055.SPL,126,"Saved to 032308_968_00055.SPL"
2026-03-08 03:23:08.970,FS,FileChanged,00055.SPL,126,"Triggered safe read attempt"
2026-03-08 03:23:08.971,FS,ReadSuccess,00055.SPL,126,"Saved to 032308_970_00055.SPL"
2026-03-08 03:23:09.058,API,JobCreated,Job 00055,126,"None"
2026-03-08 03:23:28.816,FS,FileCreated,00056.SPL,0,"Triggered safe read attempt"
2026-03-08 03:23:28.817,FS,FileChanged,00056.SPL,307,"Triggered safe read attempt"
2026-03-08 03:23:28.818,FS,ReadSuccess,00056.SPL,307,"Saved to 032328_817_00056.SPL"
2026-03-08 03:23:29.007,API,JobCreated,Job 00056,307,"None"
2026-03-08 03:23:30.548,FS,FileCreated,00057.SPL,0,"Triggered safe read attempt"
2026-03-08 03:23:30.549,FS,FileChanged,00057.SPL,870,"Triggered safe read attempt"
2026-03-08 03:23:30.550,FS,ReadSuccess,00057.SPL,870,"Saved to 032330_550_00057.SPL"
2026-03-08 03:23:30.662,API,JobCreated,Job 00057,870,"None"
2026-03-08 15:15:40.902,API,JobCreated,Job 00002,81564,"Printing, Retained"
2026-03-08 15:15:40.906,API,JobCreated,Job 00003,272004,"None"
2026-03-08 15:15:40.907,API,JobCreated,Job 00041,272004,"None"
2026-03-08 15:15:40.909,API,JobCreated,Job 00042,272004,"None"
2026-03-08 15:15:40.910,API,JobCreated,Job 00043,272004,"None"
2026-03-08 15:15:40.911,API,JobCreated,Job 00044,272004,"None"
2026-03-08 15:15:40.911,API,JobCreated,Job 00045,931,"None"
2026-03-08 15:15:40.912,API,JobCreated,Job 00046,931,"None"
2026-03-08 15:15:40.913,API,JobCreated,Job 00047,931,"None"
2026-03-08 15:15:40.914,API,JobCreated,Job 00048,931,"None"
2026-03-08 15:15:40.915,API,JobCreated,Job 00049,931,"None"
2026-03-08 15:15:40.916,API,JobCreated,Job 00050,142,"None"
2026-03-08 15:15:40.917,API,JobCreated,Job 00051,126,"None"
2026-03-08 15:15:40.918,API,JobCreated,Job 00052,870,"None"
2026-03-08 15:15:40.919,API,JobCreated,Job 00053,307,"None"
2026-03-08 15:15:40.920,API,JobCreated,Job 00054,142,"None"
2026-03-08 15:15:40.922,API,JobCreated,Job 00055,126,"None"
2026-03-08 15:15:40.922,API,JobCreated,Job 00056,307,"None"
2026-03-08 15:15:40.923,API,JobCreated,Job 00057,870,"None"
2026-03-08 15:15:40.924,API,JobCreated,Job 00058,870,"None"
2026-03-08 15:16:04.969,FS,FileCreated,00059.SPL,307,"Triggered safe read attempt"
2026-03-08 15:16:04.973,FS,ReadSuccess,00059.SPL,307,"Saved to 151604_971_00059.SPL"
2026-03-08 15:16:04.975,FS,FileChanged,00059.SPL,307,"Triggered safe read attempt"
2026-03-08 15:16:04.977,FS,ReadSuccess,00059.SPL,307,"Saved to 151604_976_00059.SPL"
2026-03-08 15:16:05.028,API,JobCreated,Job 00059,307,"None"
